# theta1,theta2 in radians, 100 Hz
-0.7350105812,0.9688804175
-0.7350110256,0.9688804175
-0.7350114701,0.9688804175
-0.7350119145,0.9688804175
-0.7350123590,0.9688804175
-0.7350128034,0.9688804175
-0.7350132479,0.9688804175
-0.7350136923,0.9688804175
-0.7350141367,0.9688804175
-0.7350145812,0.9688804175
-0.7350150256,0.9688804175
-0.7350154701,0.9688804175
-0.7350159145,0.9688804175
-0.7350163590,0.9688804175
-0.7350168034,0.9688804175
-0.7350172479,0.9688804175
-0.7350176923,0.9688804175
-0.7350181367,0.9688804175
-0.7350185812,0.9688804175
-0.7350187917,0.9688804175
-0.7350190022,0.9688804175
-0.7350192128,0.9688804175
-0.7350194233,0.9688804175
-0.7350196338,0.9688804175
-0.7350198444,0.9688804175
-0.7350200549,0.9688804175
-0.7350202654,0.9688804175
-0.7350204759,0.9688804175
-0.7350206865,0.9688804175
-0.7350208970,0.9688804175
-0.7350211075,0.9688804175
-0.7350213180,0.9688804175
-0.7350215286,0.9688804175
-0.7350217391,0.9688804175
-0.7350219496,0.9688804175
-0.7350221601,0.9688804175
-0.7350223707,0.9688804175
-0.7350225812,0.9688804175
-0.7350193761,0.9688810073
-0.7350161709,0.9688815970
-0.7350129658,0.9688821868
-0.7350097607,0.9688827765
-0.7350065556,0.9688833662
-0.7350033504,0.9688839560
-0.7350001453,0.9688845457
-0.7349969402,0.9688851355
-0.7349937350,0.9688857252
-0.7349905299,0.9688863150
-0.7349873248,0.9688869047
-0.7349841197,0.9688874944
-0.7349809145,0.9688880842
-0.7349777094,0.9688886739
-0.7349745043,0.9688892637
-0.7349712991,0.9688898534
-0.7349680940,0.9688904432
-0.7349648889,0.9688910329
-0.7349616838,0.9688916226
-0.7349584786,0.9688922124
-0.7349552735,0.9688928021
-0.7349520684,0.9688933919
-0.7349488632,0.9688939816
-0.7349456581,0.9688945714
-0.7349424530,0.9688951611
-0.7349392479,0.9688957509
-0.7349360427,0.9688963406
-0.7349328376,0.9688969303
-0.7349296325,0.9688975201
-0.7349264273,0.9688981098
-0.7349232222,0.9688986996
-0.7349200171,0.9688992893
-0.7349168120,0.9688998791
-0.7349136068,0.9689004688
-0.7349104017,0.9689010585
-0.7349071966,0.9689016483
-0.7349039914,0.9689022380
-0.7349007863,0.9689028278
-0.7348975812,0.9689034175
-0.7347307391,0.9690692070
-0.7345638970,0.9692349965
-0.7343970549,0.9694007859
-0.7342302128,0.9695665754
-0.7340633707,0.9697323649
-0.7338965286,0.9698981544
-0.7337296865,0.9700639438
-0.7335628444,0.9702297333
-0.7333960022,0.9703955228
-0.7332291601,0.9705613123
-0.7330623180,0.9707271017
-0.7328954759,0.9708928912
-0.7327286338,0.9710586807
-0.7325617917,0.9712244702
-0.7323949496,0.9713902596
-0.7322281075,0.9715560491
-0.7320612654,0.9717218386
-0.7318944233,0.9718876280
-0.7317275812,0.9720534175
-0.7311163180,0.9721182070
-0.7305050549,0.9721829965
-0.7298937917,0.9722477859
-0.7292825286,0.9723125754
-0.7286712654,0.9723773649
-0.7280600022,0.9724421544
-0.7274487391,0.9725069438
-0.7268374759,0.9725717333
-0.7262262128,0.9726365228
-0.7256149496,0.9727013123
-0.7250036865,0.9727661017
-0.7243924233,0.9728308912
-0.7237811601,0.9728956807
-0.7231698970,0.9729604702
-0.7225586338,0.9730252596
-0.7219473707,0.9730900491
-0.7213361075,0.9731548386
-0.7207248444,0.9732196280
-0.7201135812,0.9732844175
-0.7192344759,0.9732844175
-0.7183553707,0.9732844175
-0.7174762654,0.9732844175
-0.7165971601,0.9732844175
-0.7157180549,0.9732844175
-0.7148389496,0.9732844175
-0.7139598444,0.9732844175
-0.7130807391,0.9732844175
-0.7122016338,0.9732844175
-0.7113225286,0.9732844175
-0.7104434233,0.9732844175
-0.7095643180,0.9732844175
-0.7086852128,0.9732844175
-0.7078061075,0.9732844175
-0.7069270022,0.9732844175
-0.7060478970,0.9732844175
-0.7051687917,0.9732844175
-0.7042896865,0.9732844175
-0.7034105812,0.9732844175
-0.7022388970,0.9732844175
-0.7010672128,0.9732844175
-0.6998955286,0.9732844175
-0.6987238444,0.9732844175
-0.6975521601,0.9732844175
-0.6963804759,0.9732844175
-0.6952087917,0.9732844175
-0.6940371075,0.9732844175
-0.6928654233,0.9732844175
-0.6916937391,0.9732844175
-0.6905220549,0.9732844175
-0.6893503707,0.9732844175
-0.6881786865,0.9732844175
-0.6870070022,0.9732844175
-0.6858353180,0.9732844175
-0.6846636338,0.9732844175
-0.6834919496,0.9732844175
-0.6823202654,0.9732844175
-0.6811485812,0.9732844175
-0.6800206338,0.9732845228
-0.6788926865,0.9732846280
-0.6777647391,0.9732847333
-0.6766367917,0.9732848386
-0.6755088444,0.9732849438
-0.6743808970,0.9732850491
-0.6732529496,0.9732851544
-0.6721250022,0.9732852596
-0.6709970549,0.9732853649
-0.6698691075,0.9732854702
-0.6687411601,0.9732855754
-0.6676132128,0.9732856807
-0.6664852654,0.9732857859
-0.6653573180,0.9732858912
-0.6642293707,0.9732859965
-0.6631014233,0.9732861017
-0.6619734759,0.9732862070
-0.6608455286,0.9732863123
-0.6597175812,0.9732864175
-0.6588759812,0.9733323175
-0.6580343812,0.9733782175
-0.6571927812,0.9734241175
-0.6563511812,0.9734700175
-0.6555095812,0.9735159175
-0.6546679812,0.9735618175
-0.6538263812,0.9736077175
-0.6529847812,0.9736536175
-0.6521431812,0.9736995175
-0.6513015812,0.9737454175
-0.6504599812,0.9737913175
-0.6496183812,0.9738372175
-0.6487767812,0.9738831175
-0.6479351812,0.9739290175
-0.6470935812,0.9739749175
-0.6462519812,0.9740208175
-0.6454103812,0.9740667175
-0.6445687812,0.9741126175
-0.6437271812,0.9741585175
-0.6428855812,0.9742044175
-0.6424113707,0.9748553649
-0.6419371601,0.9755063123
-0.6414629496,0.9761572596
-0.6409887391,0.9768082070
-0.6405145286,0.9774591544
-0.6400403180,0.9781101017
-0.6395661075,0.9787610491
-0.6390918970,0.9794119965
-0.6386176865,0.9800629438
-0.6381434759,0.9807138912
-0.6376692654,0.9813648386
-0.6371950549,0.9820157859
-0.6367208444,0.9826667333
-0.6362466338,0.9833176807
-0.6357724233,0.9839686280
-0.6352982128,0.9846195754
-0.6348240022,0.9852705228
-0.6343497917,0.9859214702
-0.6338755812,0.9865724175
-0.6335378312,0.9877110175
-0.6332000812,0.9888496175
-0.6328623312,0.9899882175
-0.6325245812,0.9911268175
-0.6321868312,0.9922654175
-0.6318490812,0.9934040175
-0.6315113312,0.9945426175
-0.6311735812,0.9956812175
-0.6308358312,0.9968198175
-0.6304980812,0.9979584175
-0.6301603312,0.9990970175
-0.6298225812,1.0002356175
-0.6294848312,1.0013742175
-0.6291470812,1.0025128175
-0.6288093312,1.0036514175
-0.6284715812,1.0047900175
-0.6281338312,1.0059286175
-0.6277960812,1.0070672175
-0.6274583312,1.0082058175
-0.6271205812,1.0093444175
-0.6265404759,1.0103796807
-0.6259603707,1.0114149438
-0.6253802654,1.0124502070
-0.6248001601,1.0134854702
-0.6242200549,1.0145207333
-0.6236399496,1.0155559965
-0.6230598444,1.0165912596
-0.6224797391,1.0176265228
-0.6218996338,1.0186617859
-0.6213195286,1.0196970491
-0.6207394233,1.0207323123
-0.6201593180,1.0217675754
-0.6195792128,1.0228028386
-0.6189991075,1.0238381017
-0.6184190022,1.0248733649
-0.6178388970,1.0259086280
-0.6172587917,1.0269438912
-0.6166786865,1.0279791544
-0.6160985812,1.0290144175
-0.6150186338,1.0296019438
-0.6139386865,1.0301894702
-0.6128587391,1.0307769965
-0.6117787917,1.0313645228
-0.6106988444,1.0319520491
-0.6096188970,1.0325395754
-0.6085389496,1.0331271017
-0.6074590022,1.0337146280
-0.6063790549,1.0343021544
-0.6052991075,1.0348896807
-0.6042191601,1.0354772070
-0.6031392128,1.0360647333
-0.6020592654,1.0366522596
-0.6009793180,1.0372397859
-0.5998993707,1.0378273123
-0.5988194233,1.0384148386
-0.5977394759,1.0390023649
-0.5966595286,1.0395898912
-0.5955795812,1.0401774175
-0.5940512654,1.0402029438
-0.5925229496,1.0402284702
-0.5909946338,1.0402539965
-0.5894663180,1.0402795228
-0.5879380022,1.0403050491
-0.5864096865,1.0403305754
-0.5848813707,1.0403561017
-0.5833530549,1.0403816280
-0.5818247391,1.0404071544
-0.5802964233,1.0404326807
-0.5787681075,1.0404582070
-0.5772397917,1.0404837333
-0.5757114759,1.0405092596
-0.5741831601,1.0405347859
-0.5726548444,1.0405603123
-0.5711265286,1.0405858386
-0.5695982128,1.0406113649
-0.5680698970,1.0406368912
-0.5665415812,1.0406624175
-0.5648131075,1.0406624175
-0.5630846338,1.0406624175
-0.5613561601,1.0406624175
-0.5596276865,1.0406624175
-0.5578992128,1.0406624175
-0.5561707391,1.0406624175
-0.5544422654,1.0406624175
-0.5527137917,1.0406624175
-0.5509853180,1.0406624175
-0.5492568444,1.0406624175
-0.5475283707,1.0406624175
-0.5457998970,1.0406624175
-0.5440714233,1.0406624175
-0.5423429496,1.0406624175
-0.5406144759,1.0406624175
-0.5388860022,1.0406624175
-0.5371575286,1.0406624175
-0.5354290549,1.0406624175
-0.5337005812,1.0406624175
-0.5321995286,1.0406618386
-0.5306984759,1.0406612596
-0.5291974233,1.0406606807
-0.5276963707,1.0406601017
-0.5261953180,1.0406595228
-0.5246942654,1.0406589438
-0.5231932128,1.0406583649
-0.5216921601,1.0406577859
-0.5201911075,1.0406572070
-0.5186900549,1.0406566280
-0.5171890022,1.0406560491
-0.5156879496,1.0406554702
-0.5141868970,1.0406548912
-0.5126858444,1.0406543123
-0.5111847917,1.0406537333
-0.5096837391,1.0406531544
-0.5081826865,1.0406525754
-0.5066816338,1.0406519965
-0.5051805812,1.0406514175
-0.5040630312,1.0406023175
-0.5029454812,1.0405532175
-0.5018279312,1.0405041175
-0.5007103812,1.0404550175
-0.4995928312,1.0404059175
-0.4984752812,1.0403568175
-0.4973577312,1.0403077175
-0.4962401812,1.0402586175
-0.4951226312,1.0402095175
-0.4940050812,1.0401604175
-0.4928875312,1.0401113175
-0.4917699812,1.0400622175
-0.4906524312,1.0400131175
-0.4895348812,1.0399640175
-0.4884173312,1.0399149175
-0.4872997812,1.0398658175
-0.4861822312,1.0398167175
-0.4850646812,1.0397676175
-0.4839471312,1.0397185175
-0.4828295812,1.0396694175
-0.4818307917,1.0393894702
-0.4808320022,1.0391095228
-0.4798332128,1.0388295754
-0.4788344233,1.0385496280
-0.4778356338,1.0382696807
-0.4768368444,1.0379897333
-0.4758380549,1.0377097859
-0.4748392654,1.0374298386
-0.4738404759,1.0371498912
-0.4728416865,1.0368699438
-0.4718428970,1.0365899965
-0.4708441075,1.0363100491
-0.4698453180,1.0360301017
-0.4688465286,1.0357501544
-0.4678477391,1.0354702070
-0.4668489496,1.0351902596
-0.4658501601,1.0349103123
-0.4648513707,1.0346303649
-0.4638525812,1.0343504175
-0.4629668970,1.0338662070
-0.4620812128,1.0333819965
-0.4611955286,1.0328977859
-0.4603098444,1.0324135754
-0.4594241601,1.0319293649
-0.4585384759,1.0314451544
-0.4576527917,1.0309609438
-0.4567671075,1.0304767333
-0.4558814233,1.0299925228
-0.4549957391,1.0295083123
-0.4541100549,1.0290241017
-0.4532243707,1.0285398912
-0.4523386865,1.0280556807
-0.4514530022,1.0275714702
-0.4505673180,1.0270872596
-0.4496816338,1.0266030491
-0.4487959496,1.0261188386
-0.4479102654,1.0256346280
-0.4470245812,1.0251504175
-0.4463053707,1.0246324702
-0.4455861601,1.0241145228
-0.4448669496,1.0235965754
-0.4441477391,1.0230786280
-0.4434285286,1.0225606807
-0.4427093180,1.0220427333
-0.4419901075,1.0215247859
-0.4412708970,1.0210068386
-0.4405516865,1.0204888912
-0.4398324759,1.0199709438
-0.4391132654,1.0194529965
-0.4383940549,1.0189350491
-0.4376748444,1.0184171017
-0.4369556338,1.0178991544
-0.4362364233,1.0173812070
-0.4355172128,1.0168632596
-0.4347980022,1.0163453123
-0.4340787917,1.0158273649
-0.4333595812,1.0153094175
-0.4325816865,1.0143573649
-0.4318037917,1.0134053123
-0.4310258970,1.0124532596
-0.4302480022,1.0115012070
-0.4294701075,1.0105491544
-0.4286922128,1.0095971017
-0.4279143180,1.0086450491
-0.4271364233,1.0076929965
-0.4263585286,1.0067409438
-0.4255806338,1.0057888912
-0.4248027391,1.0048368386
-0.4240248444,1.0038847859
-0.4232469496,1.0029327333
-0.4224690549,1.0019806807
-0.4216911601,1.0010286280
-0.4209132654,1.0000765754
-0.4201353707,0.9991245228
-0.4193574759,0.9981724702
-0.4185795812,0.9972204175
-0.4177196338,0.9960451017
-0.4168596865,0.9948697859
-0.4159997391,0.9936944702
-0.4151397917,0.9925191544
-0.4142798444,0.9913438386
-0.4134198970,0.9901685228
-0.4125599496,0.9889932070
-0.4117000022,0.9878178912
-0.4108400549,0.9866425754
-0.4099801075,0.9854672596
-0.4091201601,0.9842919438
-0.4082602128,0.9831166280
-0.4074002654,0.9819413123
-0.4065403180,0.9807659965
-0.4056803707,0.9795906807
-0.4048204233,0.9784153649
-0.4039604759,0.9772400491
-0.4031005286,0.9760647333
-0.4022405812,0.9748894175
-0.4013858812,0.9739883675
-0.4005311812,0.9730873175
-0.3996764812,0.9721862675
-0.3988217812,0.9712852175
-0.3979670812,0.9703841675
-0.3971123812,0.9694831175
-0.3962576812,0.9685820675
-0.3954029812,0.9676810175
-0.3945482812,0.9667799675
-0.3936935812,0.9658789175
-0.3928388812,0.9649778675
-0.3919841812,0.9640768175
-0.3911294812,0.9631757675
-0.3902747812,0.9622747175
-0.3894200812,0.9613736675
-0.3885653812,0.9604726175
-0.3877106812,0.9595715675
-0.3868559812,0.9586705175
-0.3860012812,0.9577694675
-0.3851465812,0.9568684175
-0.3848125286,0.9567436280
-0.3844784759,0.9566188386
-0.3841444233,0.9564940491
-0.3838103707,0.9563692596
-0.3834763180,0.9562444702
-0.3831422654,0.9561196807
-0.3828082128,0.9559948912
-0.3824741601,0.9558701017
-0.3821401075,0.9557453123
-0.3818060549,0.9556205228
-0.3814720022,0.9554957333
-0.3811379496,0.9553709438
-0.3808038970,0.9552461544
-0.3804698444,0.9551213649
-0.3801357917,0.9549965754
-0.3798017391,0.9548717859
-0.3794676865,0.9547469965
-0.3791336338,0.9546222070
-0.3787995812,0.9544974175
-0.3787992654,0.9544974175
-0.3787989496,0.9544974175
-0.3787986338,0.9544974175
-0.3787983180,0.9544974175
-0.3787980022,0.9544974175
-0.3787976865,0.9544974175
-0.3787973707,0.9544974175
-0.3787970549,0.9544974175
-0.3787967391,0.9544974175
-0.3787964233,0.9544974175
-0.3787961075,0.9544974175
-0.3787957917,0.9544974175
-0.3787954759,0.9544974175
-0.3787951601,0.9544974175
-0.3787948444,0.9544974175
-0.3787945286,0.9544974175
-0.3787942128,0.9544974175
-0.3787938970,0.9544974175
-0.3787935812,0.9544974175
-0.3787934812,0.9544990175
-0.3787933812,0.9545006175
-0.3787932812,0.9545022175
-0.3787931812,0.9545038175
-0.3787930812,0.9545054175
-0.3787929812,0.9545070175
-0.3787928812,0.9545086175
-0.3787927812,0.9545102175
-0.3787926812,0.9545118175
-0.3787925812,0.9545134175
-0.3787924812,0.9545150175
-0.3787923812,0.9545166175
-0.3787922812,0.9545182175
-0.3787921812,0.9545198175
-0.3787920812,0.9545214175
-0.3787919812,0.9545230175
-0.3787918812,0.9545246175
-0.3787917812,0.9545262175
-0.3787916812,0.9545278175
-0.3787915812,0.9545294175
-0.3787915812,0.9548546807
-0.3787915812,0.9551799438
-0.3787915812,0.9555052070
-0.3787915812,0.9558304702
-0.3787915812,0.9561557333
-0.3787915812,0.9564809965
-0.3787915812,0.9568062596
-0.3787915812,0.9571315228
-0.3787915812,0.9574567859
-0.3787915812,0.9577820491
-0.3787915812,0.9581073123
-0.3787915812,0.9584325754
-0.3787915812,0.9587578386
-0.3787915812,0.9590831017
-0.3787915812,0.9594083649
-0.3787915812,0.9597336280
-0.3787915812,0.9600588912
-0.3787915812,0.9603841544
-0.3787915812,0.9607094175
-0.3788130549,0.9613035228
-0.3788345286,0.9618976280
-0.3788560022,0.9624917333
-0.3788774759,0.9630858386
-0.3788989496,0.9636799438
-0.3789204233,0.9642740491
-0.3789418970,0.9648681544
-0.3789633707,0.9654622596
-0.3789848444,0.9660563649
-0.3790063180,0.9666504702
-0.3790277917,0.9672445754
-0.3790492654,0.9678386807
-0.3790707391,0.9684327859
-0.3790922128,0.9690268912
-0.3791136865,0.9696209965
-0.3791351601,0.9702151017
-0.3791566338,0.9708092070
-0.3791781075,0.9714033123
-0.3791995812,0.9719974175
-0.3792437917,0.9723261544
-0.3792880022,0.9726548912
-0.3793322128,0.9729836280
-0.3793764233,0.9733123649
-0.3794206338,0.9736411017
-0.3794648444,0.9739698386
-0.3795090549,0.9742985754
-0.3795532654,0.9746273123
-0.3795974759,0.9749560491
-0.3796416865,0.9752847859
-0.3796858970,0.9756135228
-0.3797301075,0.9759422596
-0.3797743180,0.9762709965
-0.3798185286,0.9765997333
-0.3798627391,0.9769284702
-0.3799069496,0.9772572070
-0.3799511601,0.9775859438
-0.3799953707,0.9779146807
-0.3800395812,0.9782434175
-0.3803143812,0.9785708175
-0.3805891812,0.9788982175
-0.3808639812,0.9792256175
-0.3811387812,0.9795530175
-0.3814135812,0.9798804175
-0.3816883812,0.9802078175
-0.3819631812,0.9805352175
-0.3822379812,0.9808626175
-0.3825127812,0.9811900175
-0.3827875812,0.9815174175
-0.3830623812,0.9818448175
-0.3833371812,0.9821722175
-0.3836119812,0.9824996175
-0.3838867812,0.9828270175
-0.3841615812,0.9831544175
-0.3844363812,0.9834818175
-0.3847111812,0.9838092175
-0.3849859812,0.9841366175
-0.3852607812,0.9844640175
-0.3855355812,0.9847914175
-0.3862427391,0.9858028386
-0.3869498970,0.9868142596
-0.3876570549,0.9878256807
-0.3883642128,0.9888371017
-0.3890713707,0.9898485228
-0.3897785286,0.9908599438
-0.3904856865,0.9918713649
-0.3911928444,0.9928827859
-0.3919000022,0.9938942070
-0.3926071601,0.9949056280
-0.3933143180,0.9959170491
-0.3940214759,0.9969284702
-0.3947286338,0.9979398912
-0.3954357917,0.9989513123
-0.3961429496,0.9999627333
-0.3968501075,1.0009741544
-0.3975572654,1.0019855754
-0.3982644233,1.0029969965
-0.3989715812,1.0040084175
-0.3997552312,1.0053418175
-0.4005388812,1.0066752175
-0.4013225312,1.0080086175
-0.4021061812,1.0093420175
-0.4028898312,1.0106754175
-0.4036734812,1.0120088175
-0.4044571312,1.0133422175
-0.4052407812,1.0146756175
-0.4060244312,1.0160090175
-0.4068080812,1.0173424175
-0.4075917312,1.0186758175
-0.4083753812,1.0200092175
-0.4091590312,1.0213426175
-0.4099426812,1.0226760175
-0.4107263312,1.0240094175
-0.4115099812,1.0253428175
-0.4122936312,1.0266762175
-0.4130772812,1.0280096175
-0.4138609312,1.0293430175
-0.4146445812,1.0306764175
-0.4154795812,1.0323976280
-0.4163145812,1.0341188386
-0.4171495812,1.0358400491
-0.4179845812,1.0375612596
-0.4188195812,1.0392824702
-0.4196545812,1.0410036807
-0.4204895812,1.0427248912
-0.4213245812,1.0444461017
-0.4221595812,1.0461673123
-0.4229945812,1.0478885228
-0.4238295812,1.0496097333
-0.4246645812,1.0513309438
-0.4254995812,1.0530521544
-0.4263345812,1.0547733649
-0.4271695812,1.0564945754
-0.4280045812,1.0582157859
-0.4288395812,1.0599369965
-0.4296745812,1.0616582070
-0.4305095812,1.0633794175
-0.4315535286,1.0648898386
-0.4325974759,1.0664002596
-0.4336414233,1.0679106807
-0.4346853707,1.0694211017
-0.4357293180,1.0709315228
-0.4367732654,1.0724419438
-0.4378172128,1.0739523649
-0.4388611601,1.0754627859
-0.4399051075,1.0769732070
-0.4409490549,1.0784836280
-0.4419930022,1.0799940491
-0.4430369496,1.0815044702
-0.4440808970,1.0830148912
-0.4451248444,1.0845253123
-0.4461687917,1.0860357333
-0.4472127391,1.0875461544
-0.4482566865,1.0890565754
-0.4493006338,1.0905669965
-0.4503445812,1.0920774175
-0.4516469312,1.0940410175
-0.4529492812,1.0960046175
-0.4542516312,1.0979682175
-0.4555539812,1.0999318175
-0.4568563312,1.1018954175
-0.4581586812,1.1038590175
-0.4594610312,1.1058226175
-0.4607633812,1.1077862175
-0.4620657312,1.1097498175
-0.4633680812,1.1117134175
-0.4646704312,1.1136770175
-0.4659727812,1.1156406175
-0.4672751312,1.1176042175
-0.4685774812,1.1195678175
-0.4698798312,1.1215314175
-0.4711821812,1.1234950175
-0.4724845312,1.1254586175
-0.4737868812,1.1274222175
-0.4750892312,1.1293858175
-0.4763915812,1.1313494175
-0.4776956338,1.1336576807
-0.4789996865,1.1359659438
-0.4803037391,1.1382742070
-0.4816077917,1.1405824702
-0.4829118444,1.1428907333
-0.4842158970,1.1451989965
-0.4855199496,1.1475072596
-0.4868240022,1.1498155228
-0.4881280549,1.1521237859
-0.4894321075,1.1544320491
-0.4907361601,1.1567403123
-0.4920402128,1.1590485754
-0.4933442654,1.1613568386
-0.4946483180,1.1636651017
-0.4959523707,1.1659733649
-0.4972564233,1.1682816280
-0.4985604759,1.1705898912
-0.4998645286,1.1728981544
-0.5011685812,1.1752064175
-0.5024245286,1.1773646807
-0.5036804759,1.1795229438
-0.5049364233,1.1816812070
-0.5061923707,1.1838394702
-0.5074483180,1.1859977333
-0.5087042654,1.1881559965
-0.5099602128,1.1903142596
-0.5112161601,1.1924725228
-0.5124721075,1.1946307859
-0.5137280549,1.1967890491
-0.5149840022,1.1989473123
-0.5162399496,1.2011055754
-0.5174958970,1.2032638386
-0.5187518444,1.2054221017
-0.5200077917,1.2075803649
-0.5212637391,1.2097386280
-0.5225196865,1.2118968912
-0.5237756338,1.2140551544
-0.5250315812,1.2162134175
-0.5259505312,1.2184161175
-0.5268694812,1.2206188175
-0.5277884312,1.2228215175
-0.5287073812,1.2250242175
-0.5296263312,1.2272269175
-0.5305452812,1.2294296175
-0.5314642312,1.2316323175
-0.5323831812,1.2338350175
-0.5333021312,1.2360377175
-0.5342210812,1.2382404175
-0.5351400312,1.2404431175
-0.5360589812,1.2426458175
-0.5369779312,1.2448485175
-0.5378968812,1.2470512175
-0.5388158312,1.2492539175
-0.5397347812,1.2514566175
-0.5406537312,1.2536593175
-0.5415726812,1.2558620175
-0.5424916312,1.2580647175
-0.5434105812,1.2602674175
-0.5443657917,1.2621222070
-0.5453210022,1.2639769965
-0.5462762128,1.2658317859
-0.5472314233,1.2676865754
-0.5481866338,1.2695413649
-0.5491418444,1.2713961544
-0.5500970549,1.2732509438
-0.5510522654,1.2751057333
-0.5520074759,1.2769605228
-0.5529626865,1.2788153123
-0.5539178970,1.2806701017
-0.5548731075,1.2825248912
-0.5558283180,1.2843796807
-0.5567835286,1.2862344702
-0.5577387391,1.2880892596
-0.5586939496,1.2899440491
-0.5596491601,1.2917988386
-0.5606043707,1.2936536280
-0.5615595812,1.2955084175
-0.5629955812,1.2973033123
-0.5644315812,1.2990982070
-0.5658675812,1.3008931017
-0.5673035812,1.3026879965
-0.5687395812,1.3044828912
-0.5701755812,1.3062777859
-0.5716115812,1.3080726807
-0.5730475812,1.3098675754
-0.5744835812,1.3116624702
-0.5759195812,1.3134573649
-0.5773555812,1.3152522596
-0.5787915812,1.3170471544
-0.5802275812,1.3188420491
-0.5816635812,1.3206369438
-0.5830995812,1.3224318386
-0.5845355812,1.3242267333
-0.5859715812,1.3260216280
-0.5874075812,1.3278165228
-0.5888435812,1.3296114175
-0.5901935812,1.3315265675
-0.5915435812,1.3334417175
-0.5928935812,1.3353568675
-0.5942435812,1.3372720175
-0.5955935812,1.3391871675
-0.5969435812,1.3411023175
-0.5982935812,1.3430174675
-0.5996435812,1.3449326175
-0.6009935812,1.3468477675
-0.6023435812,1.3487629175
-0.6036935812,1.3506780675
-0.6050435812,1.3525932175
-0.6063935812,1.3545083675
-0.6077435812,1.3564235175
-0.6090935812,1.3583386675
-0.6104435812,1.3602538175
-0.6117935812,1.3621689675
-0.6131435812,1.3640841175
-0.6144935812,1.3659992675
-0.6158435812,1.3679144175
-0.6173336338,1.3697886807
-0.6188236865,1.3716629438
-0.6203137391,1.3735372070
-0.6218037917,1.3754114702
-0.6232938444,1.3772857333
-0.6247838970,1.3791599965
-0.6262739496,1.3810342596
-0.6277640022,1.3829085228
-0.6292540549,1.3847827859
-0.6307441075,1.3866570491
-0.6322341601,1.3885313123
-0.6337242128,1.3904055754
-0.6352142654,1.3922798386
-0.6367043180,1.3941541017
-0.6381943707,1.3960283649
-0.6396844233,1.3979026280
-0.6411744759,1.3997768912
-0.6426645286,1.4016511544
-0.6441545812,1.4035254175
-0.6457765812,1.4057213649
-0.6473985812,1.4079173123
-0.6490205812,1.4101132596
-0.6506425812,1.4123092070
-0.6522645812,1.4145051544
-0.6538865812,1.4167011017
-0.6555085812,1.4188970491
-0.6571305812,1.4210929965
-0.6587525812,1.4232889438
-0.6603745812,1.4254848912
-0.6619965812,1.4276808386
-0.6636185812,1.4298767859
-0.6652405812,1.4320727333
-0.6668625812,1.4342686807
-0.6684845812,1.4364646280
-0.6701065812,1.4386605754
-0.6717285812,1.4408565228
-0.6733505812,1.4430524702
-0.6749725812,1.4452484175
-0.6765571812,1.4476511675
-0.6781417812,1.4500539175
-0.6797263812,1.4524566675
-0.6813109812,1.4548594175
-0.6828955812,1.4572621675
-0.6844801812,1.4596649175
-0.6860647812,1.4620676675
-0.6876493812,1.4644704175
-0.6892339812,1.4668731675
-0.6908185812,1.4692759175
-0.6924031812,1.4716786675
-0.6939877812,1.4740814175
-0.6955723812,1.4764841675
-0.6971569812,1.4788869175
-0.6987415812,1.4812896675
-0.7003261812,1.4836924175
-0.7019107812,1.4860951675
-0.7034953812,1.4884979175
-0.7050799812,1.4909006675
-0.7066645812,1.4933034175
-0.7082748444,1.4958447859
-0.7098851075,1.4983861544
-0.7114953707,1.5009275228
-0.7131056338,1.5034688912
-0.7147158970,1.5060102596
-0.7163261601,1.5085516280
-0.7179364233,1.5110929965
-0.7195466865,1.5136343649
-0.7211569496,1.5161757333
-0.7227672128,1.5187171017
-0.7243774759,1.5212584702
-0.7259877391,1.5237998386
-0.7275980022,1.5263412070
-0.7292082654,1.5288825754
-0.7308185286,1.5314239438
-0.7324287917,1.5339653123
-0.7340390549,1.5365066807
-0.7356493180,1.5390480491
-0.7372595812,1.5415894175
-0.7385410022,1.5438849438
-0.7398224233,1.5461804702
-0.7411038444,1.5484759965
-0.7423852654,1.5507715228
-0.7436666865,1.5530670491
-0.7449481075,1.5553625754
-0.7462295286,1.5576581017
-0.7475109496,1.5599536280
-0.7487923707,1.5622491544
-0.7500737917,1.5645446807
-0.7513552128,1.5668402070
-0.7526366338,1.5691357333
-0.7539180549,1.5714312596
-0.7551994759,1.5737267859
-0.7564808970,1.5760223123
-0.7577623180,1.5783178386
-0.7590437391,1.5806133649
-0.7603251601,1.5829088912
-0.7616065812,1.5852044175
-0.7628680549,1.5871754175
-0.7641295286,1.5891464175
-0.7653910022,1.5911174175
-0.7666524759,1.5930884175
-0.7679139496,1.5950594175
-0.7691754233,1.5970304175
-0.7704368970,1.5990014175
-0.7716983707,1.6009724175
-0.7729598444,1.6029434175
-0.7742213180,1.6049144175
-0.7754827917,1.6068854175
-0.7767442654,1.6088564175
-0.7780057391,1.6108274175
-0.7792672128,1.6127984175
-0.7805286865,1.6147694175
-0.7817901601,1.6167404175
-0.7830516338,1.6187114175
-0.7843131075,1.6206824175
-0.7855745812,1.6226534175
-0.7869625312,1.6243899675
-0.7883504812,1.6261265175
-0.7897384312,1.6278630675
-0.7911263812,1.6295996175
-0.7925143312,1.6313361675
-0.7939022812,1.6330727175
-0.7952902312,1.6348092675
-0.7966781812,1.6365458175
-0.7980661312,1.6382823675
-0.7994540812,1.6400189175
-0.8008420312,1.6417554675
-0.8022299812,1.6434920175
-0.8036179312,1.6452285675
-0.8050058812,1.6469651175
-0.8063938312,1.6487016675
-0.8077817812,1.6504382175
-0.8091697312,1.6521747675
-0.8105576812,1.6539113175
-0.8119456312,1.6556478675
-0.8133335812,1.6573844175
-0.8149136865,1.6592748386
-0.8164937917,1.6611652596
-0.8180738970,1.6630556807
-0.8196540022,1.6649461017
-0.8212341075,1.6668365228
-0.8228142128,1.6687269438
-0.8243943180,1.6706173649
-0.8259744233,1.6725077859
-0.8275545286,1.6743982070
-0.8291346338,1.6762886280
-0.8307147391,1.6781790491
-0.8322948444,1.6800694702
-0.8338749496,1.6819598912
-0.8354550549,1.6838503123
-0.8370351601,1.6857407333
-0.8386152654,1.6876311544
-0.8401953707,1.6895215754
-0.8417754759,1.6914119965
-0.8433555812,1.6933024175
-0.8452062654,1.6950518386
-0.8470569496,1.6968012596
-0.8489076338,1.6985506807
-0.8507583180,1.7003001017
-0.8526090022,1.7020495228
-0.8544596865,1.7037989438
-0.8563103707,1.7055483649
-0.8581610549,1.7072977859
-0.8600117391,1.7090472070
-0.8618624233,1.7107966280
-0.8637131075,1.7125460491
-0.8655637917,1.7142954702
-0.8674144759,1.7160448912
-0.8692651601,1.7177943123
-0.8711158444,1.7195437333
-0.8729665286,1.7212931544
-0.8748172128,1.7230425754
-0.8766678970,1.7247919965
-0.8785185812,1.7265414175
-0.8802598444,1.7283991544
-0.8820011075,1.7302568912
-0.8837423707,1.7321146280
-0.8854836338,1.7339723649
-0.8872248970,1.7358301017
-0.8889661601,1.7376878386
-0.8907074233,1.7395455754
-0.8924486865,1.7414033123
-0.8941899496,1.7432610491
-0.8959312128,1.7451187859
-0.8976724759,1.7469765228
-0.8994137391,1.7488342596
-0.9011550022,1.7506919965
-0.9028962654,1.7525497333
-0.9046375286,1.7544074702
-0.9063787917,1.7562652070
-0.9081200549,1.7581229438
-0.9098613180,1.7599806807
-0.9116025812,1.7618384175
-0.9124352654,1.7635927333
-0.9132679496,1.7653470491
-0.9141006338,1.7671013649
-0.9149333180,1.7688556807
-0.9157660022,1.7706099965
-0.9165986865,1.7723643123
-0.9174313707,1.7741186280
-0.9182640549,1.7758729438
-0.9190967391,1.7776272596
-0.9199294233,1.7793815754
-0.9207621075,1.7811358912
-0.9215947917,1.7828902070
-0.9224274759,1.7846445228
-0.9232601601,1.7863988386
-0.9240928444,1.7881531544
-0.9249255286,1.7899074702
-0.9257582128,1.7916617859
-0.9265908970,1.7934161017
-0.9274235812,1.7951704175
-0.9275322312,1.7965703675
-0.9276408812,1.7979703175
-0.9277495312,1.7993702675
-0.9278581812,1.8007702175
-0.9279668312,1.8021701675
-0.9280754812,1.8035701175
-0.9281841312,1.8049700675
-0.9282927812,1.8063700175
-0.9284014312,1.8077699675
-0.9285100812,1.8091699175
-0.9286187312,1.8105698675
-0.9287273812,1.8119698175
-0.9288360312,1.8133697675
-0.9289446812,1.8147697175
-0.9290533312,1.8161696675
-0.9291619812,1.8175696175
-0.9292706312,1.8189695675
-0.9293792812,1.8203695175
-0.9294879312,1.8217694675
-0.9295965812,1.8231694175
-0.9295977917,1.8246313123
-0.9295990022,1.8260932070
-0.9296002128,1.8275551017
-0.9296014233,1.8290169965
-0.9296026338,1.8304788912
-0.9296038444,1.8319407859
-0.9296050549,1.8334026807
-0.9296062654,1.8348645754
-0.9296074759,1.8363264702
-0.9296086865,1.8377883649
-0.9296098970,1.8392502596
-0.9296111075,1.8407121544
-0.9296123180,1.8421740491
-0.9296135286,1.8436359438
-0.9296147391,1.8450978386
-0.9296159496,1.8465597333
-0.9296171601,1.8480216280
-0.9296183707,1.8494835228
-0.9296195812,1.8509454175
-0.9297868970,1.8523235754
-0.9299542128,1.8537017333
-0.9301215286,1.8550798912
-0.9302888444,1.8564580491
-0.9304561601,1.8578362070
-0.9306234759,1.8592143649
-0.9307907917,1.8605925228
-0.9309581075,1.8619706807
-0.9311254233,1.8633488386
-0.9312927391,1.8647269965
-0.9314600549,1.8661051544
-0.9316273707,1.8674833123
-0.9317946865,1.8688614702
-0.9319620022,1.8702396280
-0.9321293180,1.8716177859
-0.9322966338,1.8729959438
-0.9324639496,1.8743741017
-0.9326312654,1.8757522596
-0.9327985812,1.8771304175
-0.9334067917,1.8781679965
-0.9340150022,1.8792055754
-0.9346232128,1.8802431544
-0.9352314233,1.8812807333
-0.9358396338,1.8823183123
-0.9364478444,1.8833558912
-0.9370560549,1.8843934702
-0.9376642654,1.8854310491
-0.9382724759,1.8864686280
-0.9388806865,1.8875062070
-0.9394888970,1.8885437859
-0.9400971075,1.8895813649
-0.9407053180,1.8906189438
-0.9413135286,1.8916565228
-0.9419217391,1.8926941017
-0.9425299496,1.8937316807
-0.9431381601,1.8947692596
-0.9437463707,1.8958068386
-0.9443545812,1.8968444175
-0.9452991312,1.8979590675
-0.9462436812,1.8990737175
-0.9471882312,1.9001883675
-0.9481327812,1.9013030175
-0.9490773312,1.9024176675
-0.9500218812,1.9035323175
-0.9509664312,1.9046469675
-0.9519109812,1.9057616175
-0.9528555312,1.9068762675
-0.9538000812,1.9079909175
-0.9547446312,1.9091055675
-0.9556891812,1.9102202175
-0.9566337312,1.9113348675
-0.9575782812,1.9124495175
-0.9585228312,1.9135641675
-0.9594673812,1.9146788175
-0.9604119312,1.9157934675
-0.9613564812,1.9169081175
-0.9623010312,1.9180227675
-0.9632455812,1.9191374175
-0.9639788970,1.9193870491
-0.9647122128,1.9196366807
-0.9654455286,1.9198863123
-0.9661788444,1.9201359438
-0.9669121601,1.9203855754
-0.9676454759,1.9206352070
-0.9683787917,1.9208848386
-0.9691121075,1.9211344702
-0.9698454233,1.9213841017
-0.9705787391,1.9216337333
-0.9713120549,1.9218833649
-0.9720453707,1.9221329965
-0.9727786865,1.9223826280
-0.9735120022,1.9226322596
-0.9742453180,1.9228818912
-0.9749786338,1.9231315228
-0.9757119496,1.9233811544
-0.9764452654,1.9236307859
-0.9771785812,1.9238804175
-0.9782736338,1.9238847859
-0.9793686865,1.9238891544
-0.9804637391,1.9238935228
-0.9815587917,1.9238978912
-0.9826538444,1.9239022596
-0.9837488970,1.9239066280
-0.9848439496,1.9239109965
-0.9859390022,1.9239153649
-0.9870340549,1.9239197333
-0.9881291075,1.9239241017
-0.9892241601,1.9239284702
-0.9903192128,1.9239328386
-0.9914142654,1.9239372070
-0.9925093180,1.9239415754
-0.9936043707,1.9239459438
-0.9946994233,1.9239503123
-0.9957944759,1.9239546807
-0.9968895286,1.9239590491
-0.9979845812,1.9239634175
-0.9996215286,1.9239634175
-1.0012584759,1.9239634175
-1.0028954233,1.9239634175
-1.0045323707,1.9239634175
-1.0061693180,1.9239634175
-1.0078062654,1.9239634175
-1.0094432128,1.9239634175
-1.0110801601,1.9239634175
-1.0127171075,1.9239634175
-1.0143540549,1.9239634175
-1.0159910022,1.9239634175
-1.0176279496,1.9239634175
-1.0192648970,1.9239634175
-1.0209018444,1.9239634175
-1.0225387917,1.9239634175
-1.0241757391,1.9239634175
-1.0258126865,1.9239634175
-1.0274496338,1.9239634175
-1.0290865812,1.9239634175
-1.0305672654,1.9239634175
-1.0320479496,1.9239634175
-1.0335286338,1.9239634175
-1.0350093180,1.9239634175
-1.0364900022,1.9239634175
-1.0379706865,1.9239634175
-1.0394513707,1.9239634175
-1.0409320549,1.9239634175
-1.0424127391,1.9239634175
-1.0438934233,1.9239634175
-1.0453741075,1.9239634175
-1.0468547917,1.9239634175
-1.0483354759,1.9239634175
-1.0498161601,1.9239634175
-1.0512968444,1.9239634175
-1.0527775286,1.9239634175
-1.0542582128,1.9239634175
-1.0557388970,1.9239634175
-1.0572195812,1.9239634175
-1.0586031075,1.9239634175
-1.0599866338,1.9239634175
-1.0613701601,1.9239634175
-1.0627536865,1.9239634175
-1.0641372128,1.9239634175
-1.0655207391,1.9239634175
-1.0669042654,1.9239634175
-1.0682877917,1.9239634175
-1.0696713180,1.9239634175
-1.0710548444,1.9239634175
-1.0724383707,1.9239634175
-1.0738218970,1.9239634175
-1.0752054233,1.9239634175
-1.0765889496,1.9239634175
-1.0779724759,1.9239634175
-1.0793560022,1.9239634175
-1.0807395286,1.9239634175
-1.0821230549,1.9239634175
-1.0835065812,1.9239634175
-1.0851356338,1.9239634175
-1.0867646865,1.9239634175
-1.0883937391,1.9239634175
-1.0900227917,1.9239634175
-1.0916518444,1.9239634175
-1.0932808970,1.9239634175
-1.0949099496,1.9239634175
-1.0965390022,1.9239634175
-1.0981680549,1.9239634175
-1.0997971075,1.9239634175
-1.1014261601,1.9239634175
-1.1030552128,1.9239634175
-1.1046842654,1.9239634175
-1.1063133180,1.9239634175
-1.1079423707,1.9239634175
-1.1095714233,1.9239634175
-1.1112004759,1.9239634175
-1.1128295286,1.9239634175
-1.1144585812,1.9239634175
-1.1161206312,1.9239634175
-1.1177826812,1.9239634175
-1.1194447312,1.9239634175
-1.1211067812,1.9239634175
-1.1227688312,1.9239634175
-1.1244308812,1.9239634175
-1.1260929312,1.9239634175
-1.1277549812,1.9239634175
-1.1294170312,1.9239634175
-1.1310790812,1.9239634175
-1.1327411312,1.9239634175
-1.1344031812,1.9239634175
-1.1360652312,1.9239634175
-1.1377272812,1.9239634175
-1.1393893312,1.9239634175
-1.1410513812,1.9239634175
-1.1427134312,1.9239634175
-1.1443754812,1.9239634175
-1.1460375312,1.9239634175
-1.1476995812,1.9239634175
-1.1493002654,1.9239634175
-1.1509009496,1.9239634175
-1.1525016338,1.9239634175
-1.1541023180,1.9239634175
-1.1557030022,1.9239634175
-1.1573036865,1.9239634175
-1.1589043707,1.9239634175
-1.1605050549,1.9239634175
-1.1621057391,1.9239634175
-1.1637064233,1.9239634175
-1.1653071075,1.9239634175
-1.1669077917,1.9239634175
-1.1685084759,1.9239634175
-1.1701091601,1.9239634175
-1.1717098444,1.9239634175
-1.1733105286,1.9239634175
-1.1749112128,1.9239634175
-1.1765118970,1.9239634175
-1.1781125812,1.9239634175
-1.1794789496,1.9239638912
-1.1808453180,1.9239643649
-1.1822116865,1.9239648386
-1.1835780549,1.9239653123
-1.1849444233,1.9239657859
-1.1863107917,1.9239662596
-1.1876771601,1.9239667333
-1.1890435286,1.9239672070
-1.1904098970,1.9239676807
-1.1917762654,1.9239681544
-1.1931426338,1.9239686280
-1.1945090022,1.9239691017
-1.1958753707,1.9239695754
-1.1972417391,1.9239700491
-1.1986081075,1.9239705228
-1.1999744759,1.9239709965
-1.2013408444,1.9239714702
-1.2027072128,1.9239719438
-1.2040735812,1.9239724175
-1.2053906865,1.9239725228
-1.2067077917,1.9239726280
-1.2080248970,1.9239727333
-1.2093420022,1.9239728386
-1.2106591075,1.9239729438
-1.2119762128,1.9239730491
-1.2132933180,1.9239731544
-1.2146104233,1.9239732596
-1.2159275286,1.9239733649
-1.2172446338,1.9239734702
-1.2185617391,1.9239735754
-1.2198788444,1.9239736807
-1.2211959496,1.9239737859
-1.2225130549,1.9239738912
-1.2238301601,1.9239739965
-1.2251472654,1.9239741017
-1.2264643707,1.9239742070
-1.2277814759,1.9239743123
-1.2290985812,1.9239744175
-1.2304460549,1.9239744175
-1.2317935286,1.9239744175
-1.2331410022,1.9239744175
-1.2344884759,1.9239744175
-1.2358359496,1.9239744175
-1.2371834233,1.9239744175
-1.2385308970,1.9239744175
-1.2398783707,1.9239744175
-1.2412258444,1.9239744175
-1.2425733180,1.9239744175
-1.2439207917,1.9239744175
-1.2452682654,1.9239744175
-1.2466157391,1.9239744175
-1.2479632128,1.9239744175
-1.2493106865,1.9239744175
-1.2506581601,1.9239744175
-1.2520056338,1.9239744175
-1.2533531075,1.9239744175
-1.2547005812,1.9239744175
-1.2557322654,1.9237028386
-1.2567639496,1.9234312596
-1.2577956338,1.9231596807
-1.2588273180,1.9228881017
-1.2598590022,1.9226165228
-1.2608906865,1.9223449438
-1.2619223707,1.9220733649
-1.2629540549,1.9218017859
-1.2639857391,1.9215302070
-1.2650174233,1.9212586280
-1.2660491075,1.9209870491
-1.2670807917,1.9207154702
-1.2681124759,1.9204438912
-1.2691441601,1.9201723123
-1.2701758444,1.9199007333
-1.2712075286,1.9196291544
-1.2722392128,1.9193575754
-1.2732708970,1.9190859965
-1.2743025812,1.9188144175
-1.2746864812,1.9174459175
-1.2750703812,1.9160774175
-1.2754542812,1.9147089175
-1.2758381812,1.9133404175
-1.2762220812,1.9119719175
-1.2766059812,1.9106034175
-1.2769898812,1.9092349175
-1.2773737812,1.9078664175
-1.2777576812,1.9064979175
-1.2781415812,1.9051294175
-1.2785254812,1.9037609175
-1.2789093812,1.9023924175
-1.2792932812,1.9010239175
-1.2796771812,1.8996554175
-1.2800610812,1.8982869175
-1.2804449812,1.8969184175
-1.2808288812,1.8955499175
-1.2812127812,1.8941814175
-1.2815966812,1.8928129175
-1.2819805812,1.8914444175
-1.2821112654,1.8896836807
-1.2822419496,1.8879229438
-1.2823726338,1.8861622070
-1.2825033180,1.8844014702
-1.2826340022,1.8826407333
-1.2827646865,1.8808799965
-1.2828953707,1.8791192596
-1.2830260549,1.8773585228
-1.2831567391,1.8755977859
-1.2832874233,1.8738370491
-1.2834181075,1.8720763123
-1.2835487917,1.8703155754
-1.2836794759,1.8685548386
-1.2838101601,1.8667941017
-1.2839408444,1.8650333649
-1.2840715286,1.8632726280
-1.2842022128,1.8615118912
-1.2843328970,1.8597511544
-1.2844635812,1.8579904175
-1.2844801075,1.8568511544
-1.2844966338,1.8557118912
-1.2845131601,1.8545726280
-1.2845296865,1.8534333649
-1.2845462128,1.8522941017
-1.2845627391,1.8511548386
-1.2845792654,1.8500155754
-1.2845957917,1.8488763123
-1.2846123180,1.8477370491
-1.2846288444,1.8465977859
-1.2846453707,1.8454585228
-1.2846618970,1.8443192596
-1.2846784233,1.8431799965
-1.2846949496,1.8420407333
-1.2847114759,1.8409014702
-1.2847280022,1.8397622070
-1.2847445286,1.8386229438
-1.2847610549,1.8374836807
-1.2847775812,1.8363444175
-1.2850424812,1.8355229675
-1.2853073812,1.8347015175
-1.2855722812,1.8338800675
-1.2858371812,1.8330586175
-1.2861020812,1.8322371675
-1.2863669812,1.8314157175
-1.2866318812,1.8305942675
-1.2868967812,1.8297728175
-1.2871616812,1.8289513675
-1.2874265812,1.8281299175
-1.2876914812,1.8273084675
-1.2879563812,1.8264870175
-1.2882212812,1.8256655675
-1.2884861812,1.8248441175
-1.2887510812,1.8240226675
-1.2890159812,1.8232012175
-1.2892808812,1.8223797675
-1.2895457812,1.8215583175
-1.2898106812,1.8207368675
-1.2900755812,1.8199154175
-1.2909680549,1.8191466280
-1.2918605286,1.8183778386
-1.2927530022,1.8176090491
-1.2936454759,1.8168402596
-1.2945379496,1.8160714702
-1.2954304233,1.8153026807
-1.2963228970,1.8145338912
-1.2972153707,1.8137651017
-1.2981078444,1.8129963123
-1.2990003180,1.8122275228
-1.2998927917,1.8114587333
-1.3007852654,1.8106899438
-1.3016777391,1.8099211544
-1.3025702128,1.8091523649
-1.3034626865,1.8083835754
-1.3043551601,1.8076147859
-1.3052476338,1.8068459965
-1.3061401075,1.8060772070
-1.3070325812,1.8053084175
-1.3081018970,1.8053048386
-1.3091712128,1.8053012596
-1.3102405286,1.8052976807
-1.3113098444,1.8052941017
-1.3123791601,1.8052905228
-1.3134484759,1.8052869438
-1.3145177917,1.8052833649
-1.3155871075,1.8052797859
-1.3166564233,1.8052762070
-1.3177257391,1.8052726280
-1.3187950549,1.8052690491
-1.3198643707,1.8052654702
-1.3209336865,1.8052618912
-1.3220030022,1.8052583123
-1.3230723180,1.8052547333
-1.3241416338,1.8052511544
-1.3252109496,1.8052475754
-1.3262802654,1.8052439965
-1.3273495812,1.8052404175
-1.3286385286,1.8052404175
-1.3299274759,1.8052404175
-1.3312164233,1.8052404175
-1.3325053707,1.8052404175
-1.3337943180,1.8052404175
-1.3350832654,1.8052404175
-1.3363722128,1.8052404175
-1.3376611601,1.8052404175
-1.3389501075,1.8052404175
-1.3402390549,1.8052404175
-1.3415280022,1.8052404175
-1.3428169496,1.8052404175
-1.3441058970,1.8052404175
-1.3453948444,1.8052404175
-1.3466837917,1.8052404175
-1.3479727391,1.8052404175
-1.3492616865,1.8052404175
-1.3505506338,1.8052404175
-1.3518395812,1.8052404175
-1.3530379312,1.8052410175
-1.3542362812,1.8052416175
-1.3554346312,1.8052422175
-1.3566329812,1.8052428175
-1.3578313312,1.8052434175
-1.3590296812,1.8052440175
-1.3602280312,1.8052446175
-1.3614263812,1.8052452175
-1.3626247312,1.8052458175
-1.3638230812,1.8052464175
-1.3650214312,1.8052470175
-1.3662197812,1.8052476175
-1.3674181312,1.8052482175
-1.3686164812,1.8052488175
-1.3698148312,1.8052494175
-1.3710131812,1.8052500175
-1.3722115312,1.8052506175
-1.3734098812,1.8052512175
-1.3746082312,1.8052518175
-1.3758065812,1.8052524175
-1.3763069496,1.8052524175
-1.3768073180,1.8052524175
-1.3773076865,1.8052524175
-1.3778080549,1.8052524175
-1.3783084233,1.8052524175
-1.3788087917,1.8052524175
-1.3793091601,1.8052524175
-1.3798095286,1.8052524175
-1.3803098970,1.8052524175
-1.3808102654,1.8052524175
-1.3813106338,1.8052524175
-1.3818110022,1.8052524175
-1.3823113707,1.8052524175
-1.3828117391,1.8052524175
-1.3833121075,1.8052524175
-1.3838124759,1.8052524175
-1.3843128444,1.8052524175
-1.3848132128,1.8052524175
-1.3853135812,1.8052524175
-1.3853116338,1.8052212070
-1.3853096865,1.8051899965
-1.3853077391,1.8051587859
-1.3853057917,1.8051275754
-1.3853038444,1.8050963649
-1.3853018970,1.8050651544
-1.3852999496,1.8050339438
-1.3852980022,1.8050027333
-1.3852960549,1.8049715228
-1.3852941075,1.8049403123
-1.3852921601,1.8049091017
-1.3852902128,1.8048778912
-1.3852882654,1.8048466807
-1.3852863180,1.8048154702
-1.3852843707,1.8047842596
-1.3852824233,1.8047530491
-1.3852804759,1.8047218386
-1.3852785286,1.8046906280
-1.3852765812,1.8046594175
-1.3852653707,1.8039239438
-1.3852541601,1.8031884702
-1.3852429496,1.8024529965
-1.3852317391,1.8017175228
-1.3852205286,1.8009820491
-1.3852093180,1.8002465754
-1.3851981075,1.7995111017
-1.3851868970,1.7987756280
-1.3851756865,1.7980401544
-1.3851644759,1.7973046807
-1.3851532654,1.7965692070
-1.3851420549,1.7958337333
-1.3851308444,1.7950982596
-1.3851196338,1.7943627859
-1.3851084233,1.7936273123
-1.3850972128,1.7928918386
-1.3850860022,1.7921563649
-1.3850747917,1.7914208912
-1.3850635812,1.7906854175
-1.3847747312,1.7896221675
-1.3844858812,1.7885589175
-1.3841970312,1.7874956675
-1.3839081812,1.7864324175
-1.3836193312,1.7853691675
-1.3833304812,1.7843059175
-1.3830416312,1.7832426675
-1.3827527812,1.7821794175
-1.3824639312,1.7811161675
-1.3821750812,1.7800529175
-1.3818862312,1.7789896675
-1.3815973812,1.7779264175
-1.3813085312,1.7768631675
-1.3810196812,1.7757999175
-1.3807308312,1.7747366675
-1.3804419812,1.7736734175
-1.3801531312,1.7726101675
-1.3798642812,1.7715469175
-1.3795754312,1.7704836675
-1.3792865812,1.7694204175
-1.3778686338,1.7682315754
-1.3764506865,1.7670427333
-1.3750327391,1.7658538912
-1.3736147917,1.7646650491
-1.3721968444,1.7634762070
-1.3707788970,1.7622873649
-1.3693609496,1.7610985228
-1.3679430022,1.7599096807
-1.3665250549,1.7587208386
-1.3651071075,1.7575319965
-1.3636891601,1.7563431544
-1.3622712128,1.7551543123
-1.3608532654,1.7539654702
-1.3594353180,1.7527766280
-1.3580173707,1.7515877859
-1.3565994233,1.7503989438
-1.3551814759,1.7492101017
-1.3537635286,1.7480212596
-1.3523455812,1.7468324175
-1.3508448970,1.7453375228
-1.3493442128,1.7438426280
-1.3478435286,1.7423477333
-1.3463428444,1.7408528386
-1.3448421601,1.7393579438
-1.3433414759,1.7378630491
-1.3418407917,1.7363681544
-1.3403401075,1.7348732596
-1.3388394233,1.7333783649
-1.3373387391,1.7318834702
-1.3358380549,1.7303885754
-1.3343373707,1.7288936807
-1.3328366865,1.7273987859
-1.3313360022,1.7259038912
-1.3298353180,1.7244089965
-1.3283346338,1.7229141017
-1.3268339496,1.7214192070
-1.3253332654,1.7199243123
-1.3238325812,1.7184294175
-1.3225894312,1.7169273175
-1.3213462812,1.7154252175
-1.3201031312,1.7139231175
-1.3188599812,1.7124210175
-1.3176168312,1.7109189175
-1.3163736812,1.7094168175
-1.3151305312,1.7079147175
-1.3138873812,1.7064126175
-1.3126442312,1.7049105175
-1.3114010812,1.7034084175
-1.3101579312,1.7019063175
-1.3089147812,1.7004042175
-1.3076716312,1.6989021175
-1.3064284812,1.6974000175
-1.3051853312,1.6958979175
-1.3039421812,1.6943958175
-1.3026990312,1.6928937175
-1.3014558812,1.6913916175
-1.3002127312,1.6898895175
-1.2989695812,1.6883874175
-1.2980183707,1.6870703649
-1.2970671601,1.6857533123
-1.2961159496,1.6844362596
-1.2951647391,1.6831192070
-1.2942135286,1.6818021544
-1.2932623180,1.6804851017
-1.2923111075,1.6791680491
-1.2913598970,1.6778509965
-1.2904086865,1.6765339438
-1.2894574759,1.6752168912
-1.2885062654,1.6738998386
-1.2875550549,1.6725827859
-1.2866038444,1.6712657333
-1.2856526338,1.6699486807
-1.2847014233,1.6686316280
-1.2837502128,1.6673145754
-1.2827990022,1.6659975228
-1.2818477917,1.6646804702
-1.2808965812,1.6633634175
-1.2799540022,1.6623269438
-1.2790114233,1.6612904702
-1.2780688444,1.6602539965
-1.2771262654,1.6592175228
-1.2761836865,1.6581810491
-1.2752411075,1.6571445754
-1.2742985286,1.6561081017
-1.2733559496,1.6550716280
-1.2724133707,1.6540351544
-1.2714707917,1.6529986807
-1.2705282128,1.6519622070
-1.2695856338,1.6509257333
-1.2686430549,1.6498892596
-1.2677004759,1.6488527859
-1.2667578970,1.6478163123
-1.2658153180,1.6467798386
-1.2648727391,1.6457433649
-1.2639301601,1.6447068912
-1.2629875812,1.6436704175
-1.2621681075,1.6426023649
-1.2613486338,1.6415343123
-1.2605291601,1.6404662596
-1.2597096865,1.6393982070
-1.2588902128,1.6383301544
-1.2580707391,1.6372621017
-1.2572512654,1.6361940491
-1.2564317917,1.6351259965
-1.2556123180,1.6340579438
-1.2547928444,1.6329898912
-1.2539733707,1.6319218386
-1.2531538970,1.6308537859
-1.2523344233,1.6297857333
-1.2515149496,1.6287176807
-1.2506954759,1.6276496280
-1.2498760022,1.6265815754
-1.2490565286,1.6255135228
-1.2482370549,1.6244454702
-1.2474175812,1.6233774175
-1.2463825812,1.6221714702
-1.2453475812,1.6209655228
-1.2443125812,1.6197595754
-1.2432775812,1.6185536280
-1.2422425812,1.6173476807
-1.2412075812,1.6161417333
-1.2401725812,1.6149357859
-1.2391375812,1.6137298386
-1.2381025812,1.6125238912
-1.2370675812,1.6113179438
-1.2360325812,1.6101119965
-1.2349975812,1.6089060491
-1.2339625812,1.6077001017
-1.2329275812,1.6064941544
-1.2318925812,1.6052882070
-1.2308575812,1.6040822596
-1.2298225812,1.6028763123
-1.2287875812,1.6016703649
-1.2277525812,1.6004644175
-1.2267871312,1.5995228175
-1.2258216812,1.5985812175
-1.2248562312,1.5976396175
-1.2238907812,1.5966980175
-1.2229253312,1.5957564175
-1.2219598812,1.5948148175
-1.2209944312,1.5938732175
-1.2200289812,1.5929316175
-1.2190635312,1.5919900175
-1.2180980812,1.5910484175
-1.2171326312,1.5901068175
-1.2161671812,1.5891652175
-1.2152017312,1.5882236175
-1.2142362812,1.5872820175
-1.2132708312,1.5863404175
-1.2123053812,1.5853988175
-1.2113399312,1.5844572175
-1.2103744812,1.5835156175
-1.2094090312,1.5825740175
-1.2084435812,1.5816324175
-1.2073983180,1.5806546280
-1.2063530549,1.5796768386
-1.2053077917,1.5786990491
-1.2042625286,1.5777212596
-1.2032172654,1.5767434702
-1.2021720022,1.5757656807
-1.2011267391,1.5747878912
-1.2000814759,1.5738101017
-1.1990362128,1.5728323123
-1.1979909496,1.5718545228
-1.1969456865,1.5708767333
-1.1959004233,1.5698989438
-1.1948551601,1.5689211544
-1.1938098970,1.5679433649
-1.1927646338,1.5669655754
-1.1917193707,1.5659877859
-1.1906741075,1.5650099965
-1.1896288444,1.5640322070
-1.1885835812,1.5630544175
-1.1873701601,1.5616196280
-1.1861567391,1.5601848386
-1.1849433180,1.5587500491
-1.1837298970,1.5573152596
-1.1825164759,1.5558804702
-1.1813030549,1.5544456807
-1.1800896338,1.5530108912
-1.1788762128,1.5515761017
-1.1776627917,1.5501413123
-1.1764493707,1.5487065228
-1.1752359496,1.5472717333
-1.1740225286,1.5458369438
-1.1728091075,1.5444021544
-1.1715956865,1.5429673649
-1.1703822654,1.5415325754
-1.1691688444,1.5400977859
-1.1679554233,1.5386629965
-1.1667420022,1.5372282070
-1.1655285812,1.5357934175
-1.1644047312,1.5345004675
-1.1632808812,1.5332075175
-1.1621570312,1.5319145675
-1.1610331812,1.5306216175
-1.1599093312,1.5293286675
-1.1587854812,1.5280357175
-1.1576616312,1.5267427675
-1.1565377812,1.5254498175
-1.1554139312,1.5241568675
-1.1542900812,1.5228639175
-1.1531662312,1.5215709675
-1.1520423812,1.5202780175
-1.1509185312,1.5189850675
-1.1497946812,1.5176921175
-1.1486708312,1.5163991675
-1.1475469812,1.5151062175
-1.1464231312,1.5138132675
-1.1452992812,1.5125203175
-1.1441754312,1.5112273675
-1.1430515812,1.5099344175
-1.1418818444,1.5084466280
-1.1407121075,1.5069588386
-1.1395423707,1.5054710491
-1.1383726338,1.5039832596
-1.1372028970,1.5024954702
-1.1360331601,1.5010076807
-1.1348634233,1.4995198912
-1.1336936865,1.4980321017
-1.1325239496,1.4965443123
-1.1313542128,1.4950565228
-1.1301844759,1.4935687333
-1.1290147391,1.4920809438
-1.1278450022,1.4905931544
-1.1266752654,1.4891053649
-1.1255055286,1.4876175754
-1.1243357917,1.4861297859
-1.1231660549,1.4846419965
-1.1219963180,1.4831542070
-1.1208265812,1.4816664175
-1.1195724233,1.4801179965
-1.1183182654,1.4785695754
-1.1170641075,1.4770211544
-1.1158099496,1.4754727333
-1.1145557917,1.4739243123
-1.1133016338,1.4723758912
-1.1120474759,1.4708274702
-1.1107933180,1.4692790491
-1.1095391601,1.4677306280
-1.1082850022,1.4661822070
-1.1070308444,1.4646337859
-1.1057766865,1.4630853649
-1.1045225286,1.4615369438
-1.1032683707,1.4599885228
-1.1020142128,1.4584401017
-1.1007600549,1.4568916807
-1.0995058970,1.4553432596
-1.0982517391,1.4537948386
-1.0969975812,1.4522464175
-1.0959655812,1.4509164675
-1.0949335812,1.4495865175
-1.0939015812,1.4482565675
-1.0928695812,1.4469266175
-1.0918375812,1.4455966675
-1.0908055812,1.4442667175
-1.0897735812,1.4429367675
-1.0887415812,1.4416068175
-1.0877095812,1.4402768675
-1.0866775812,1.4389469175
-1.0856455812,1.4376169675
-1.0846135812,1.4362870175
-1.0835815812,1.4349570675
-1.0825495812,1.4336271175
-1.0815175812,1.4322971675
-1.0804855812,1.4309672175
-1.0794535812,1.4296372675
-1.0784215812,1.4283073175
-1.0773895812,1.4269773675
-1.0763575812,1.4256474175
-1.0753617391,1.4243799965
-1.0743658970,1.4231125754
-1.0733700549,1.4218451544
-1.0723742128,1.4205777333
-1.0713783707,1.4193103123
-1.0703825286,1.4180428912
-1.0693866865,1.4167754702
-1.0683908444,1.4155080491
-1.0673950022,1.4142406280
-1.0663991601,1.4129732070
-1.0654033180,1.4117057859
-1.0644074759,1.4104383649
-1.0634116338,1.4091709438
-1.0624157917,1.4079035228
-1.0614199496,1.4066361017
-1.0604241075,1.4053686807
-1.0594282654,1.4041012596
-1.0584324233,1.4028338386
-1.0574365812,1.4015664175
-1.0563750022,1.4005107859
-1.0553134233,1.3994551544
-1.0542518444,1.3983995228
-1.0531902654,1.3973438912
-1.0521286865,1.3962882596
-1.0510671075,1.3952326280
-1.0500055286,1.3941769965
-1.0489439496,1.3931213649
-1.0478823707,1.3920657333
-1.0468207917,1.3910101017
-1.0457592128,1.3899544702
-1.0446976338,1.3888988386
-1.0436360549,1.3878432070
-1.0425744759,1.3867875754
-1.0415128970,1.3857319438
-1.0404513180,1.3846763123
-1.0393897391,1.3836206807
-1.0383281601,1.3825650491
-1.0372665812,1.3815094175
-1.0362424312,1.3803401175
-1.0352182812,1.3791708175
-1.0341941312,1.3780015175
-1.0331699812,1.3768322175
-1.0321458312,1.3756629175
-1.0311216812,1.3744936175
-1.0300975312,1.3733243175
-1.0290733812,1.3721550175
-1.0280492312,1.3709857175
-1.0270250812,1.3698164175
-1.0260009312,1.3686471175
-1.0249767812,1.3674778175
-1.0239526312,1.3663085175
-1.0229284812,1.3651392175
-1.0219043312,1.3639699175
-1.0208801812,1.3628006175
-1.0198560312,1.3616313175
-1.0188318812,1.3604620175
-1.0178077312,1.3592927175
-1.0167835812,1.3581234175
-1.0157401601,1.3568307333
-1.0146967391,1.3555380491
-1.0136533180,1.3542453649
-1.0126098970,1.3529526807
-1.0115664759,1.3516599965
-1.0105230549,1.3503673123
-1.0094796338,1.3490746280
-1.0084362128,1.3477819438
-1.0073927917,1.3464892596
-1.0063493707,1.3451965754
-1.0053059496,1.3439038912
-1.0042625286,1.3426112070
-1.0032191075,1.3413185228
-1.0021756865,1.3400258386
-1.0011322654,1.3387331544
-1.0000888444,1.3374404702
-0.9990454233,1.3361477859
-0.9980020022,1.3348551017
-0.9969585812,1.3335624175
-0.9959764759,1.3323136807
-0.9949943707,1.3310649438
-0.9940122654,1.3298162070
-0.9930301601,1.3285674702
-0.9920480549,1.3273187333
-0.9910659496,1.3260699965
-0.9900838444,1.3248212596
-0.9891017391,1.3235725228
-0.9881196338,1.3223237859
-0.9871375286,1.3210750491
-0.9861554233,1.3198263123
-0.9851733180,1.3185775754
-0.9841912128,1.3173288386
-0.9832091075,1.3160801017
-0.9822270022,1.3148313649
-0.9812448970,1.3135826280
-0.9802627917,1.3123338912
-0.9792806865,1.3110851544
-0.9782985812,1.3098364175
-0.9772503180,1.3086156807
-0.9762020549,1.3073949438
-0.9751537917,1.3061742070
-0.9741055286,1.3049534702
-0.9730572654,1.3037327333
-0.9720090022,1.3025119965
-0.9709607391,1.3012912596
-0.9699124759,1.3000705228
-0.9688642128,1.2988497859
-0.9678159496,1.2976290491
-0.9667676865,1.2964083123
-0.9657194233,1.2951875754
-0.9646711601,1.2939668386
-0.9636228970,1.2927461017
-0.9625746338,1.2915253649
-0.9615263707,1.2903046280
-0.9604781075,1.2890838912
-0.9594298444,1.2878631544
-0.9583815812,1.2866424175
-0.9574207312,1.2854473175
-0.9564598812,1.2842522175
-0.9554990312,1.2830571175
-0.9545381812,1.2818620175
-0.9535773312,1.2806669175
-0.9526164812,1.2794718175
-0.9516556312,1.2782767175
-0.9506947812,1.2770816175
-0.9497339312,1.2758865175
-0.9487730812,1.2746914175
-0.9478122312,1.2734963175
-0.9468513812,1.2723012175
-0.9458905312,1.2711061175
-0.9449296812,1.2699110175
-0.9439688312,1.2687159175
-0.9430079812,1.2675208175
-0.9420471312,1.2663257175
-0.9410862812,1.2651306175
-0.9401254312,1.2639355175
-0.9391645812,1.2627404175
-0.9381741601,1.2612537859
-0.9371837391,1.2597671544
-0.9361933180,1.2582805228
-0.9352028970,1.2567938912
-0.9342124759,1.2553072596
-0.9332220549,1.2538206280
-0.9322316338,1.2523339965
-0.9312412128,1.2508473649
-0.9302507917,1.2493607333
-0.9292603707,1.2478741017
-0.9282699496,1.2463874702
-0.9272795286,1.2449008386
-0.9262891075,1.2434142070
-0.9252986865,1.2419275754
-0.9243082654,1.2404409438
-0.9233178444,1.2389543123
-0.9223274233,1.2374676807
-0.9213370022,1.2359810491
-0.9203465812,1.2344944175
-0.9195673707,1.2330893123
-0.9187881601,1.2316842070
-0.9180089496,1.2302791017
-0.9172297391,1.2288739965
-0.9164505286,1.2274688912
-0.9156713180,1.2260637859
-0.9148921075,1.2246586807
-0.9141128970,1.2232535754
-0.9133336865,1.2218484702
-0.9125544759,1.2204433649
-0.9117752654,1.2190382596
-0.9109960549,1.2176331544
-0.9102168444,1.2162280491
-0.9094376338,1.2148229438
-0.9086584233,1.2134178386
-0.9078792128,1.2120127333
-0.9071000022,1.2106076280
-0.9063207917,1.2092025228
-0.9055415812,1.2077974175
-0.9048474312,1.2067054175
-0.9041532812,1.2056134175
-0.9034591312,1.2045214175
-0.9027649812,1.2034294175
-0.9020708312,1.2023374175
-0.9013766812,1.2012454175
-0.9006825312,1.2001534175
-0.8999883812,1.1990614175
-0.8992942312,1.1979694175
-0.8986000812,1.1968774175
-0.8979059312,1.1957854175
-0.8972117812,1.1946934175
-0.8965176312,1.1936014175
-0.8958234812,1.1925094175
-0.8951293312,1.1914174175
-0.8944351812,1.1903254175
-0.8937410312,1.1892334175
-0.8930468812,1.1881414175
-0.8923527312,1.1870494175
-0.8916585812,1.1859574175
-0.8908176338,1.1848789965
-0.8899766865,1.1838005754
-0.8891357391,1.1827221544
-0.8882947917,1.1816437333
-0.8874538444,1.1805653123
-0.8866128970,1.1794868912
-0.8857719496,1.1784084702
-0.8849310022,1.1773300491
-0.8840900549,1.1762516280
-0.8832491075,1.1751732070
-0.8824081601,1.1740947859
-0.8815672128,1.1730163649
-0.8807262654,1.1719379438
-0.8798853180,1.1708595228
-0.8790443707,1.1697811017
-0.8782034233,1.1687026807
-0.8773624759,1.1676242596
-0.8765215286,1.1665458386
-0.8756805812,1.1654674175
-0.8745787391,1.1642061017
-0.8734768970,1.1629447859
-0.8723750549,1.1616834702
-0.8712732128,1.1604221544
-0.8701713707,1.1591608386
-0.8690695286,1.1578995228
-0.8679676865,1.1566382070
-0.8668658444,1.1553768912
-0.8657640022,1.1541155754
-0.8646621601,1.1528542596
-0.8635603180,1.1515929438
-0.8624584759,1.1503316280
-0.8613566338,1.1490703123
-0.8602547917,1.1478089965
-0.8591529496,1.1465476807
-0.8580511075,1.1452863649
-0.8569492654,1.1440250491
-0.8558474233,1.1427637333
-0.8547455812,1.1415024175
-0.8537728970,1.1403498386
-0.8528002128,1.1391972596
-0.8518275286,1.1380446807
-0.8508548444,1.1368921017
-0.8498821601,1.1357395228
-0.8489094759,1.1345869438
-0.8479367917,1.1334343649
-0.8469641075,1.1322817859
-0.8459914233,1.1311292070
-0.8450187391,1.1299766280
-0.8440460549,1.1288240491
-0.8430733707,1.1276714702
-0.8421006865,1.1265188912
-0.8411280022,1.1253663123
-0.8401553180,1.1242137333
-0.8391826338,1.1230611544
-0.8382099496,1.1219085754
-0.8372372654,1.1207559965
-0.8362645812,1.1196034175
-0.8354905312,1.1185193675
-0.8347164812,1.1174353175
-0.8339424312,1.1163512675
-0.8331683812,1.1152672175
-0.8323943312,1.1141831675
-0.8316202812,1.1130991175
-0.8308462312,1.1120150675
-0.8300721812,1.1109310175
-0.8292981312,1.1098469675
-0.8285240812,1.1087629175
-0.8277500312,1.1076788675
-0.8269759812,1.1065948175
-0.8262019312,1.1055107675
-0.8254278812,1.1044267175
-0.8246538312,1.1033426675
-0.8238797812,1.1022586175
-0.8231057312,1.1011745675
-0.8223316812,1.1000905175
-0.8215576312,1.0990064675
-0.8207835812,1.0979224175
-0.8202726865,1.0969215754
-0.8197617917,1.0959207333
-0.8192508970,1.0949198912
-0.8187400022,1.0939190491
-0.8182291075,1.0929182070
-0.8177182128,1.0919173649
-0.8172073180,1.0909165228
-0.8166964233,1.0899156807
-0.8161855286,1.0889148386
-0.8156746338,1.0879139965
-0.8151637391,1.0869131544
-0.8146528444,1.0859123123
-0.8141419496,1.0849114702
-0.8136310549,1.0839106280
-0.8131201601,1.0829097859
-0.8126092654,1.0819089438
-0.8120983707,1.0809081017
-0.8115874759,1.0799072596
-0.8110765812,1.0789064175
-0.8105360549,1.0781313649
-0.8099955286,1.0773563123
-0.8094550022,1.0765812596
-0.8089144759,1.0758062070
-0.8083739496,1.0750311544
-0.8078334233,1.0742561017
-0.8072928970,1.0734810491
-0.8067523707,1.0727059965
-0.8062118444,1.0719309438
-0.8056713180,1.0711558912
-0.8051307917,1.0703808386
-0.8045902654,1.0696057859
-0.8040497391,1.0688307333
-0.8035092128,1.0680556807
-0.8029686865,1.0672806280
-0.8024281601,1.0665055754
-0.8018876338,1.0657305228
-0.8013471075,1.0649554702
-0.8008065812,1.0641804175
-0.8001958812,1.0633483175
-0.7995851812,1.0625162175
-0.7989744812,1.0616841175
-0.7983637812,1.0608520175
-0.7977530812,1.0600199175
-0.7971423812,1.0591878175
-0.7965316812,1.0583557175
-0.7959209812,1.0575236175
-0.7953102812,1.0566915175
-0.7946995812,1.0558594175
-0.7940888812,1.0550273175
-0.7934781812,1.0541952175
-0.7928674812,1.0533631175
-0.7922567812,1.0525310175
-0.7916460812,1.0516989175
-0.7910353812,1.0508668175
-0.7904246812,1.0500347175
-0.7898139812,1.0492026175
-0.7892032812,1.0483705175
-0.7885925812,1.0475384175
-0.7876800549,1.0462836807
-0.7867675286,1.0450289438
-0.7858550022,1.0437742070
-0.7849424759,1.0425194702
-0.7840299496,1.0412647333
-0.7831174233,1.0400099965
-0.7822048970,1.0387552596
-0.7812923707,1.0375005228
-0.7803798444,1.0362457859
-0.7794673180,1.0349910491
-0.7785547917,1.0337363123
-0.7776422654,1.0324815754
-0.7767297391,1.0312268386
-0.7758172128,1.0299721017
-0.7749046865,1.0287173649
-0.7739921601,1.0274626280
-0.7730796338,1.0262078912
-0.7721671075,1.0249531544
-0.7712545812,1.0236984175
-0.7704794233,1.0224783123
-0.7697042654,1.0212582070
-0.7689291075,1.0200381017
-0.7681539496,1.0188179965
-0.7673787917,1.0175978912
-0.7666036338,1.0163777859
-0.7658284759,1.0151576807
-0.7650533180,1.0139375754
-0.7642781601,1.0127174702
-0.7635030022,1.0114973649
-0.7627278444,1.0102772596
-0.7619526865,1.0090571544
-0.7611775286,1.0078370491
-0.7604023707,1.0066169438
-0.7596272128,1.0053968386
-0.7588520549,1.0041767333
-0.7580768970,1.0029566280
-0.7573017391,1.0017365228
-0.7565265812,1.0005164175
-0.7558926338,0.9996148912
-0.7552586865,0.9987133649
-0.7546247391,0.9978118386
-0.7539907917,0.9969103123
-0.7533568444,0.9960087859
-0.7527228970,0.9951072596
-0.7520889496,0.9942057333
-0.7514550022,0.9933042070
-0.7508210549,0.9924026807
-0.7501871075,0.9915011544
-0.7495531601,0.9905996280
-0.7489192128,0.9896981017
-0.7482852654,0.9887965754
-0.7476513180,0.9878950491
-0.7470173707,0.9869935228
-0.7463834233,0.9860919965
-0.7457494759,0.9851904702
-0.7451155286,0.9842889438
-0.7444815812,0.9833874175
-0.7440433312,0.9828072175
-0.7436050812,0.9822270175
-0.7431668312,0.9816468175
-0.7427285812,0.9810666175
-0.7422903312,0.9804864175
-0.7418520812,0.9799062175
-0.7414138312,0.9793260175
-0.7409755812,0.9787458175
-0.7405373312,0.9781656175
-0.7400990812,0.9775854175
-0.7396608312,0.9770052175
-0.7392225812,0.9764250175
-0.7387843312,0.9758448175
-0.7383460812,0.9752646175
-0.7379078312,0.9746844175
-0.7374695812,0.9741042175
-0.7370313312,0.9735240175
-0.7365930812,0.9729438175
-0.7361548312,0.9723636175
-0.7357165812,0.9717834175
-0.7356524759,0.9716387859
-0.7355883707,0.9714941544
-0.7355242654,0.9713495228
-0.7354601601,0.9712048912
-0.7353960549,0.9710602596
-0.7353319496,0.9709156280
-0.7352678444,0.9707709965
-0.7352037391,0.9706263649
-0.7351396338,0.9704817333
-0.7350755286,0.9703371017
-0.7350114233,0.9701924702
-0.7349473180,0.9700478386
-0.7348832128,0.9699032070
-0.7348191075,0.9697585754
-0.7347550022,0.9696139438
-0.7346908970,0.9694693123
-0.7346267917,0.9693246807
-0.7345626865,0.9691800491
-0.7344985812,0.9690354175
-0.7345002128,0.9690354175
-0.7345018444,0.9690354175
-0.7345034759,0.9690354175
-0.7345051075,0.9690354175
-0.7345067391,0.9690354175
-0.7345083707,0.9690354175
-0.7345100022,0.9690354175
-0.7345116338,0.9690354175
-0.7345132654,0.9690354175
-0.7345148970,0.9690354175
-0.7345165286,0.9690354175
-0.7345181601,0.9690354175
-0.7345197917,0.9690354175
-0.7345214233,0.9690354175
-0.7345230549,0.9690354175
-0.7345246865,0.9690354175
-0.7345263180,0.9690354175
-0.7345279496,0.9690354175
-0.7345295812,0.9690354175
-0.7345316865,0.9690354175
-0.7345337917,0.9690354175
-0.7345358970,0.9690354175
-0.7345380022,0.9690354175
-0.7345401075,0.9690354175
-0.7345422128,0.9690354175
-0.7345443180,0.9690354175
-0.7345464233,0.9690354175
-0.7345485286,0.9690354175
-0.7345506338,0.9690354175
-0.7345527391,0.9690354175
-0.7345548444,0.9690354175
-0.7345569496,0.9690354175
-0.7345590549,0.9690354175
-0.7345611601,0.9690354175
-0.7345632654,0.9690354175
-0.7345653707,0.9690354175
-0.7345674759,0.9690354175
-0.7345695812,0.9690354175
-0.7345707312,0.9690354175
-0.7345718812,0.9690354175
-0.7345730312,0.9690354175
-0.7345741812,0.9690354175
-0.7345753312,0.9690354175
-0.7345764812,0.9690354175
-0.7345776312,0.9690354175
-0.7345787812,0.9690354175
-0.7345799312,0.9690354175
-0.7345810812,0.9690354175
-0.7345822312,0.9690354175
-0.7345833812,0.9690354175
-0.7345845312,0.9690354175
-0.7345856812,0.9690354175
-0.7345868312,0.9690354175
-0.7345879812,0.9690354175
-0.7345891312,0.9690354175
-0.7345902812,0.9690354175
-0.7345914312,0.9690354175
-0.7345925812,0.9690354175
-0.7345928970,0.9690354175
-0.7345932128,0.9690354175
-0.7345935286,0.9690354175
-0.7345938444,0.9690354175
-0.7345941601,0.9690354175
-0.7345944759,0.9690354175
-0.7345947917,0.9690354175
-0.7345951075,0.9690354175
-0.7345954233,0.9690354175
-0.7345957391,0.9690354175
-0.7345960549,0.9690354175
-0.7345963707,0.9690354175
-0.7345966865,0.9690354175
-0.7345970022,0.9690354175
-0.7345973180,0.9690354175
-0.7345976338,0.9690354175
-0.7345979496,0.9690354175
-0.7345982654,0.9690354175
-0.7345985812,0.9690354175
-0.7345986865,0.9690354175
-0.7345987917,0.9690354175
-0.7345988970,0.9690354175
-0.7345990022,0.9690354175
-0.7345991075,0.9690354175
-0.7345992128,0.9690354175
-0.7345993180,0.9690354175
-0.7345994233,0.9690354175
-0.7345995286,0.9690354175
-0.7345996338,0.9690354175
-0.7345997391,0.9690354175
-0.7345998444,0.9690354175
-0.7345999496,0.9690354175
-0.7346000549,0.9690354175
-0.7346001601,0.9690354175
-0.7346002654,0.9690354175
-0.7346003707,0.9690354175
-0.7346004759,0.9690354175
-0.7346005812,0.9690354175
-0.7346006865,0.9690354175
-0.7346007917,0.9690354175
-0.7346008970,0.9690354175
-0.7346010022,0.9690354175
-0.7346011075,0.9690354175
-0.7346012128,0.9690354175
-0.7346013180,0.9690354175
-0.7346014233,0.9690354175
-0.7346015286,0.9690354175
-0.7346016338,0.9690354175
-0.7346017391,0.9690354175
-0.7346018444,0.9690354175
-0.7346019496,0.9690354175
-0.7346020549,0.9690354175
-0.7346021601,0.9690354175
-0.7346022654,0.9690354175
-0.7346023707,0.9690354175
-0.7346024759,0.9690354175
-0.7346025812,0.9690354175
-0.7346026865,0.9690354175
-0.7346027917,0.9690354175
-0.7346028970,0.9690354175
-0.7346030022,0.9690354175
-0.7346031075,0.9690354175
-0.7346032128,0.9690354175
-0.7346033180,0.9690354175
-0.7346034233,0.9690354175
-0.7346035286,0.9690354175
-0.7346036338,0.9690354175
-0.7346037391,0.9690354175
-0.7346038444,0.9690354175
-0.7346039496,0.9690354175
-0.7346040549,0.9690354175
-0.7346041601,0.9690354175
-0.7346042654,0.9690354175
-0.7346043707,0.9690354175
-0.7346044759,0.9690354175
-0.7346045812,0.9690354175
-0.7346046865,0.9690355228
-0.7346047917,0.9690356280
-0.7346048970,0.9690357333
-0.7346050022,0.9690358386
-0.7346051075,0.9690359438
-0.7346052128,0.9690360491
-0.7346053180,0.9690361544
-0.7346054233,0.9690362596
-0.7346055286,0.9690363649
-0.7346056338,0.9690364702
-0.7346057391,0.9690365754
-0.7346058444,0.9690366807
-0.7346059496,0.9690367859
-0.7346060549,0.9690368912
-0.7346061601,0.9690369965
-0.7346062654,0.9690371017
-0.7346063707,0.9690372070
-0.7346064759,0.9690373123
-0.7346065812,0.9690374175
-0.7346066068,0.9690374175
-0.7346066325,0.9690374175
-0.7346066581,0.9690374175
-0.7346066838,0.9690374175
-0.7346067094,0.9690374175
-0.7346067350,0.9690374175
-0.7346067607,0.9690374175
-0.7346067863,0.9690374175
-0.7346068120,0.9690374175
-0.7346068376,0.9690374175
-0.7346068632,0.9690374175
-0.7346068889,0.9690374175
-0.7346069145,0.9690374175
-0.7346069402,0.9690374175
-0.7346069658,0.9690374175
-0.7346069914,0.9690374175
-0.7346070171,0.9690374175
-0.7346070427,0.9690374175
-0.7346070684,0.9690374175
-0.7346070940,0.9690374175
-0.7346071197,0.9690374175
-0.7346071453,0.9690374175
-0.7346071709,0.9690374175
-0.7346071966,0.9690374175
-0.7346072222,0.9690374175
-0.7346072479,0.9690374175
-0.7346072735,0.9690374175
-0.7346072991,0.9690374175
-0.7346073248,0.9690374175
-0.7346073504,0.9690374175
-0.7346073761,0.9690374175
-0.7346074017,0.9690374175
-0.7346074273,0.9690374175
-0.7346074530,0.9690374175
-0.7346074786,0.9690374175
-0.7346075043,0.9690374175
-0.7346075299,0.9690374175
-0.7346075556,0.9690374175
-0.7346075812,0.9690374175
-0.7346075812,0.9690374175
-0.7346075812,0.9690374175
-0.7346075812,0.9690374175
-0.7346075812,0.9690374175
-0.7346075812,0.9690374175
-0.7346075812,0.9690374175
-0.7346075812,0.9690374175
-0.7346075812,0.9690374175
-0.7346075812,0.9690374175
-0.7346075812,0.9690374175
-0.7346075812,0.9690374175
-0.7346075812,0.9690374175
-0.7346075812,0.9690374175
-0.7346075812,0.9690374175
-0.7346075812,0.9690374175
-0.7346075812,0.9690374175
-0.7346075812,0.9690374175
-0.7346075812,0.9690374175
-0.7346075812,0.9690374175
-0.7346075812,0.9690374175
-0.7346075812,0.9690374175
-0.7346075812,0.9690374175
-0.7346075812,0.9690374175
-0.7346075812,0.9690374175
-0.7346075812,0.9690374175
-0.7346075812,0.9690374175
-0.7346075812,0.9690374175
-0.7346075812,0.9690374175
-0.7346075812,0.9690374175
-0.7346075812,0.9690374175
-0.7346075812,0.9690374175
-0.7346075812,0.9690374175
-0.7346075812,0.9690374175
-0.7346075812,0.9690374175
-0.7346075812,0.9690374175
-0.7346075812,0.9690374175
-0.7346075812,0.9690374175
-0.7346075812,0.9690374175
-0.7346075812,0.9690374175
-0.7346075812,0.9690374175
-0.7346075812,0.9690374175
-0.7346075812,0.9690374175
-0.7346075812,0.9690374175
-0.7346075812,0.9690374175
-0.7346075812,0.9690374175
-0.7346075812,0.9690374175
-0.7346075812,0.9690374175
-0.7346075812,0.9690374175
-0.7346075812,0.9690374175
